train_loss,epoch,step
0.09148024767637253,49,49
0.0026650596410036087,99,99
0.0015821079723536968,149,149
0.000996427028439939,199,199
0.0006628717528656125,249,249
0.0004541442613117397,299,299
0.00034241750836372375,349,349
0.0002490416809450835,399,399
